porn;porn
xxx;xxx
fuck;fuck
boobs;boobs
babe;babe
horny;horny
cunt;cunt
bondage;bondage
bukkake;bukkake
busty;busty
creampie;creampie
cumshot;cumshot
erotic;erotic
femdom;femdom
fetish;fetish
gaping;gaping
hentai;hentai
naked;naked
nude;nude
orgy;orgy
penetration;penetration
pussy;pussy
redhead;redhead
slut;slut
softcore;softcore
strapon;strapon
voyeur;voyeur
deep;throat
doggy;style
gang;bang
big;cock
big;dick
big;ass
huge;cock
huge;dick
huge;ass
big;tits
huge;tits
small;tits
small;boobs
big;boobs
huge;boobs
natural;tits
natural;boobs
college;girl
wild;girl
group;sex
rough;sex
cock;suck
blow;job
child;abuse
women;abuse
teen;abuse
galler;child
galler;babe
galler;women
galler;teen
galler;girl
galler;under 18
galler;year old
galler;yr old
galler;glory hole
galler;gloryhole
galler;facial
galler;sex
galler; gay 
galler;amateur
galler;cum
galler; ass 
galler;anus
galler; hot 
galler;tits
galler;cock
galler;dick
galler;pussy
galler;cunt
galler;exhibitionist
galler;erotic
galler;interracial
galler;lesbian
galler;orgasm
galler;hardcore
galler;squirt
galler;incest
galler; rape 
galler;masturbat
cam;child
cam;babe
cam;women
cam;teen
cam;girl
cam;under 18
cam;year old
cam;yr old
cam;glory hole
cam;gloryhole
cam;facial
cam;sex
cam; gay 
cam;amateur
cam;cum
cam; ass 
cam;anus
cam; hot 
cam;tits
cam;cock
cam;dick
cam;pussy
cam;cunt
cam;exhibitionist
cam;erotic
cam;interracial
cam;lesbian
cam;orgasm
cam;hardcore
cam;squirt
cam;incest
cam; rape 
cam;masturbat
video;child
video;babe
video;women
video;teen
video;girl
video;under 18
video;year old
video;yr old
video;glory hole
video;gloryhole
video;facial
video;sex
video; gay 
video;amateur
video;cum
video; ass 
video;anus
video; hot 
video;tits
video;cock
video;dick
video;pussy
video;cunt
video;exhibitionist
video;erotic
video;interracial
video;lesbian
video;orgasm
video;hardcore
video;squirt
video;incest
video; rape 
video;masturbat
picture;child
picture;babe
picture;women
picture;teen
picture;girl
picture;under 18
picture;year old
picture;yr old
picture;glory hole
picture;gloryhole
picture;facial
picture;sex
picture; gay 
picture;amateur
picture;cum
picture; ass 
picture;anus
picture; hot 
picture;tits
picture;cock
picture;dick
picture;pussy
picture;cunt
picture;exhibitionist
picture;erotic
picture;interracial
picture;lesbian
picture;orgasm
picture;hardcore
picture;squirt
picture;incest
picture; rape 
picture;masturbat
 pic ;child
 pic ;babe
 pic ;women
 pic ;teen
 pic ;girl
 pic ;under 18
 pic ;year old
 pic ;yr old
 pic ;glory hole
 pic ;gloryhole
 pic ;facial
 pic ;sex
 pic ; gay 
 pic ;amateur
 pic ;cum
 pic ; ass 
 pic ;anus
 pic ; hot 
 pic ;tits
 pic ;cock
 pic ;dick
 pic ;pussy
 pic ;cunt
 pic ;exhibitionist
 pic ;erotic
 pic ;interracial
 pic ;lesbian
 pic ;orgasm
 pic ;hardcore
 pic ;squirt
 pic ;incest
 pic ; rape 
 pic ;masturbat
photo;child
photo;babe
photo;women
photo;teen
photo;girl
photo;under 18
photo;year old
photo;yr old
photo;glory hole
photo;gloryhole
photo;facial
photo;sex
photo; gay 
photo;amateur
photo;cum
photo; ass 
photo;anus
photo; hot 
photo;tits
photo;cock
photo;dick
photo;pussy
photo;cunt
photo;exhibitionist
photo;erotic
photo;interracial
photo;lesbian
photo;orgasm
photo;hardcore
photo;squirt
photo;incest
photo; rape 
photo;masturbat
free;child
free;babe
free;women
free;teen
free;girl
free;under 18
free;year old
free;yr old
free;glory hole
free;gloryhole
free;facial
free;sex
free; gay 
free;amateur
free;cum
free; ass 
free;anus
free; hot 
free;tits
free;cock
free;dick
free;pussy
free;cunt
free;exhibitionist
free;erotic
free;interracial
free;lesbian
free;orgasm
free;hardcore
free;squirt
free;incest
free; rape 
free;masturbat
child;facial
child;sex
child; gay 
child;amateur
child;cum
child; ass 
child;anus
child; hot 
child;tits
child;cock
child;dick
child;pussy
child;cunt
child;exhibitionist
child;erotic
child;interracial
child;lesbian
child;orgasm
child;hardcore
child;squirt
child;incest
child; rape 
child;masturbat
babe;facial
babe;sex
babe; gay 
babe;amateur
babe;cum
babe; ass 
babe;anus
babe; hot 
babe;tits
babe;cock
babe;dick
babe;pussy
babe;cunt
babe;exhibitionist
babe;erotic
babe;interracial
babe;lesbian
babe;orgasm
babe;hardcore
babe;squirt
babe;incest
babe; rape 
babe;masturbat
women;facial
women;sex
women; gay 
women;amateur
women;cum
women; ass 
women;anus
women; hot 
women;tits
women;cock
women;dick
women;pussy
women;cunt
women;exhibitionist
women;erotic
women;interracial
women;lesbian
women;orgasm
women;hardcore
women;squirt
women;incest
women; rape 
women;masturbat
teen;facial
teen;sex
teen; gay 
teen;amateur
teen;cum
teen; ass 
teen;anus
teen; hot 
teen;tits
teen;cock
teen;dick
teen;pussy
teen;cunt
teen;exhibitionist
teen;erotic
teen;interracial
teen;lesbian
teen;orgasm
teen;hardcore
teen;squirt
teen;incest
teen; rape 
teen;masturbat
girl;facial
girl;sex
girl; gay 
girl;amateur
girl;cum
girl; ass 
girl;anus
girl; hot 
girl;tits
girl;cock
girl;dick
girl;pussy
girl;cunt
girl;exhibitionist
girl;erotic
girl;interracial
girl;lesbian
girl;orgasm
girl;hardcore
girl;squirt
girl;incest
girl; rape 
girl;masturbat
under 18;facial
under 18;sex
under 18; gay 
under 18;amateur
under 18;cum
under 18; ass 
under 18;anus
under 18; hot 
under 18;tits
under 18;cock
under 18;dick
under 18;pussy
under 18;cunt
under 18;exhibitionist
under 18;erotic
under 18;interracial
under 18;lesbian
under 18;orgasm
under 18;hardcore
under 18;squirt
under 18;incest
under 18; rape 
under 18;masturbat
year old;facial
year old;sex
year old; gay 
year old;amateur
year old;cum
year old; ass 
year old;anus
year old; hot 
year old;tits
year old;cock
year old;dick
year old;pussy
year old;cunt
year old;exhibitionist
year old;erotic
year old;interracial
year old;lesbian
year old;orgasm
year old;hardcore
year old;squirt
year old;incest
year old; rape 
year old;masturbat
yr old;facial
yr old;sex
yr old; gay 
yr old;amateur
yr old;cum
yr old; ass 
yr old;anus
yr old; hot 
yr old;tits
yr old;cock
yr old;dick
yr old;pussy
yr old;cunt
yr old;exhibitionist
yr old;erotic
yr old;interracial
yr old;lesbian
yr old;orgasm
yr old;hardcore
yr old;squirt
yr old;incest
yr old; rape 
yr old;masturbat
glory hole;facial
glory hole;sex
glory hole; gay 
glory hole;amateur
glory hole;cum
glory hole; ass 
glory hole;anus
glory hole; hot 
glory hole;tits
glory hole;cock
glory hole;dick
glory hole;pussy
glory hole;cunt
glory hole;exhibitionist
glory hole;erotic
glory hole;interracial
glory hole;lesbian
glory hole;orgasm
glory hole;hardcore
glory hole;squirt
glory hole;incest
glory hole; rape 
glory hole;masturbat
gloryhole;facial
gloryhole;sex
gloryhole; gay 
gloryhole;amateur
gloryhole;cum
gloryhole; ass 
gloryhole;anus
gloryhole; hot 
gloryhole;tits
gloryhole;cock
gloryhole;dick
gloryhole;pussy
gloryhole;cunt
gloryhole;exhibitionist
gloryhole;erotic
gloryhole;interracial
gloryhole;lesbian
gloryhole;orgasm
gloryhole;hardcore
gloryhole;squirt
gloryhole;incest
gloryhole; rape 
gloryhole;masturbat
facial;sex
facial; gay 
facial;amateur
facial;cum
facial; ass 
facial;anus
facial; hot 
facial;tits
facial;cock
facial;dick
facial;pussy
facial;cunt
facial;exhibitionist
facial;erotic
facial;interracial
facial;lesbian
facial;orgasm
facial;hardcore
facial;squirt
facial;incest
facial; rape 
facial;masturbat
sex;facial
sex; gay 
sex;amateur
sex;cum
sex; ass 
sex;anus
sex; hot 
sex;tits
sex;cock
sex;dick
sex;pussy
sex;cunt
sex;exhibitionist
sex;erotic
sex;interracial
sex;lesbian
sex;orgasm
sex;hardcore
sex;squirt
sex;incest
sex; rape 
sex;masturbat
 gay ;facial
 gay ;sex
 gay ;amateur
 gay ;cum
 gay ; ass 
 gay ;anus
 gay ; hot 
 gay ;tits
 gay ;cock
 gay ;dick
 gay ;pussy
 gay ;cunt
 gay ;exhibitionist
 gay ;erotic
 gay ;interracial
 gay ;lesbian
 gay ;orgasm
 gay ;hardcore
 gay ;squirt
 gay ;incest
 gay ; rape 
 gay ;masturbat
amateur;facial
amateur;sex
amateur; gay 
amateur;cum
amateur; ass 
amateur;anus
amateur; hot 
amateur;tits
amateur;cock
amateur;dick
amateur;pussy
amateur;cunt
amateur;exhibitionist
amateur;erotic
amateur;interracial
amateur;lesbian
amateur;orgasm
amateur;hardcore
amateur;squirt
amateur;incest
amateur; rape 
amateur;masturbat
cum;facial
cum;sex
cum; gay 
cum;amateur
cum; ass 
cum;anus
cum; hot 
cum;tits
cum;cock
cum;dick
cum;pussy
cum;cunt
cum;exhibitionist
cum;erotic
cum;interracial
cum;lesbian
cum;orgasm
cum;hardcore
cum;squirt
cum;incest
cum; rape 
cum;masturbat
 ass ;facial
 ass ;sex
 ass ; gay 
 ass ;amateur
 ass ;cum
 ass ;anus
 ass ; hot 
 ass ;tits
 ass ;cock
 ass ;dick
 ass ;pussy
 ass ;cunt
 ass ;exhibitionist
 ass ;erotic
 ass ;interracial
 ass ;lesbian
 ass ;orgasm
 ass ;hardcore
 ass ;squirt
 ass ;incest
 ass ; rape 
 ass ;masturbat
anus;facial
anus;sex
anus; gay 
anus;amateur
anus;cum
anus; ass 
anus; hot 
anus;tits
anus;cock
anus;dick
anus;pussy
anus;cunt
anus;exhibitionist
anus;erotic
anus;interracial
anus;lesbian
anus;orgasm
anus;hardcore
anus;squirt
anus;incest
anus; rape 
anus;masturbat
 hot ;facial
 hot ;sex
 hot ; gay 
 hot ;amateur
 hot ;cum
 hot ; ass 
 hot ;anus
 hot ;tits
 hot ;cock
 hot ;dick
 hot ;pussy
 hot ;cunt
 hot ;exhibitionist
 hot ;erotic
 hot ;interracial
 hot ;lesbian
 hot ;orgasm
 hot ;hardcore
 hot ;squirt
 hot ;incest
 hot ; rape 
 hot ;masturbat
tits;facial
tits;sex
tits; gay 
tits;amateur
tits;cum
tits; ass 
tits;anus
tits; hot 
tits;cock
tits;dick
tits;pussy
tits;cunt
tits;exhibitionist
tits;erotic
tits;interracial
tits;lesbian
tits;orgasm
tits;hardcore
tits;squirt
tits;incest
tits; rape 
tits;masturbat
cock;facial
cock;sex
cock; gay 
cock;amateur
cock;cum
cock; ass 
cock;anus
cock; hot 
cock;tits
cock;dick
cock;pussy
cock;cunt
cock;exhibitionist
cock;erotic
cock;interracial
cock;lesbian
cock;orgasm
cock;hardcore
cock;squirt
cock;incest
cock; rape 
cock;masturbat
dick;facial
dick;sex
dick; gay 
dick;amateur
dick;cum
dick; ass 
dick;anus
dick; hot 
dick;tits
dick;cock
dick;pussy
dick;cunt
dick;exhibitionist
dick;erotic
dick;interracial
dick;lesbian
dick;orgasm
dick;hardcore
dick;squirt
dick;incest
dick; rape 
dick;masturbat
pussy;facial
pussy;sex
pussy; gay 
pussy;amateur
pussy;cum
pussy; ass 
pussy;anus
pussy; hot 
pussy;tits
pussy;cock
pussy;dick
pussy;cunt
pussy;exhibitionist
pussy;erotic
pussy;interracial
pussy;lesbian
pussy;orgasm
pussy;hardcore
pussy;squirt
pussy;incest
pussy; rape 
pussy;masturbat
cunt;facial
cunt;sex
cunt; gay 
cunt;amateur
cunt;cum
cunt; ass 
cunt;anus
cunt; hot 
cunt;tits
cunt;cock
cunt;dick
cunt;pussy
cunt;exhibitionist
cunt;erotic
cunt;interracial
cunt;lesbian
cunt;orgasm
cunt;hardcore
cunt;squirt
cunt;incest
cunt; rape 
cunt;masturbat
exhibitionist;facial
exhibitionist;sex
exhibitionist; gay 
exhibitionist;amateur
exhibitionist;cum
exhibitionist; ass 
exhibitionist;anus
exhibitionist; hot 
exhibitionist;tits
exhibitionist;cock
exhibitionist;dick
exhibitionist;pussy
exhibitionist;cunt
exhibitionist;erotic
exhibitionist;interracial
exhibitionist;lesbian
exhibitionist;orgasm
exhibitionist;hardcore
exhibitionist;squirt
exhibitionist;incest
exhibitionist; rape 
exhibitionist;masturbat
erotic;facial
erotic;sex
erotic; gay 
erotic;amateur
erotic;cum
erotic; ass 
erotic;anus
erotic; hot 
erotic;tits
erotic;cock
erotic;dick
erotic;pussy
erotic;cunt
erotic;exhibitionist
erotic;interracial
erotic;lesbian
erotic;orgasm
erotic;hardcore
erotic;squirt
erotic;incest
erotic; rape 
erotic;masturbat
interracial;facial
interracial;sex
interracial; gay 
interracial;amateur
interracial;cum
interracial; ass 
interracial;anus
interracial; hot 
interracial;tits
interracial;cock
interracial;dick
interracial;pussy
interracial;cunt
interracial;exhibitionist
interracial;erotic
interracial;lesbian
interracial;orgasm
interracial;hardcore
interracial;squirt
interracial;incest
interracial; rape 
interracial;masturbat
lesbian;facial
lesbian;sex
lesbian; gay 
lesbian;amateur
lesbian;cum
lesbian; ass 
lesbian;anus
lesbian; hot 
lesbian;tits
lesbian;cock
lesbian;dick
lesbian;pussy
lesbian;cunt
lesbian;exhibitionist
lesbian;erotic
lesbian;interracial
lesbian;orgasm
lesbian;hardcore
lesbian;squirt
lesbian;incest
lesbian; rape 
lesbian;masturbat
orgasm;facial
orgasm;sex
orgasm; gay 
orgasm;amateur
orgasm;cum
orgasm; ass 
orgasm;anus
orgasm; hot 
orgasm;tits
orgasm;cock
orgasm;dick
orgasm;pussy
orgasm;cunt
orgasm;exhibitionist
orgasm;erotic
orgasm;interracial
orgasm;lesbian
orgasm;hardcore
orgasm;squirt
orgasm;incest
orgasm; rape 
orgasm;masturbat
hardcore;facial
hardcore;sex
hardcore; gay 
hardcore;amateur
hardcore;cum
hardcore; ass 
hardcore;anus
hardcore; hot 
hardcore;tits
hardcore;cock
hardcore;dick
hardcore;pussy
hardcore;cunt
hardcore;exhibitionist
hardcore;erotic
hardcore;interracial
hardcore;lesbian
hardcore;orgasm
hardcore;squirt
hardcore;incest
hardcore; rape 
hardcore;masturbat
squirt;facial
squirt;sex
squirt; gay 
squirt;amateur
squirt;cum
squirt; ass 
squirt;anus
squirt; hot 
squirt;tits
squirt;cock
squirt;dick
squirt;pussy
squirt;cunt
squirt;exhibitionist
squirt;erotic
squirt;interracial
squirt;lesbian
squirt;orgasm
squirt;hardcore
squirt;incest
squirt; rape 
squirt;masturbat
incest;facial
incest;sex
incest; gay 
incest;amateur
incest;cum
incest; ass 
incest;anus
incest; hot 
incest;tits
incest;cock
incest;dick
incest;pussy
incest;cunt
incest;exhibitionist
incest;erotic
incest;interracial
incest;lesbian
incest;orgasm
incest;hardcore
incest;squirt
incest; rape 
incest;masturbat
 rape ;facial
 rape ;sex
 rape ; gay 
 rape ;amateur
 rape ;cum
 rape ; ass 
 rape ;anus
 rape ; hot 
 rape ;tits
 rape ;cock
 rape ;dick
 rape ;pussy
 rape ;cunt
 rape ;exhibitionist
 rape ;erotic
 rape ;interracial
 rape ;lesbian
 rape ;orgasm
 rape ;hardcore
 rape ;squirt
 rape ;incest
 rape ;masturbat
masturbat;facial
masturbat;sex
masturbat; gay 
masturbat;amateur
masturbat;cum
masturbat; ass 
masturbat;anus
masturbat; hot 
masturbat;tits
masturbat;cock
masturbat;dick
masturbat;pussy
masturbat;cunt
masturbat;exhibitionist
masturbat;erotic
masturbat;interracial
masturbat;lesbian
masturbat;orgasm
masturbat;hardcore
masturbat;squirt
masturbat;incest
masturbat; rape 