CATEGORY,MONTH,CLICKCOUNT
,,429927
,4,182428
,3,138393
,5,109106
blowjob,,107388
teen,,101003
blowjob,4,78322
tits,,67266
teen,5,35075
teen,3,33416
teen,4,32512
hardcore,,32218
tits,3,31730
black,,25709
tits,5,19783
blowjob,3,18963
voyeur,,17493
tits,4,15753
strapon,,12626
hardcore,5,12479
black,3,10386
blowjob,5,10103
hardcore,3,9979
black,4,9926
hardcore,4,9760
old,,9364
voyeur,3,8269
strapon,4,7319
ass,,6059
voyeur,4,5469
black,5,5397
old,4,4933
lesbian,,4820
hentai,,4712
strapon,5,4092
interracial,,3756
voyeur,5,3755
deepthroat,,3531
mature,,3056
asian,,3044
russian,,2770
fat,,2718
fetish,,2698
old,5,2666
hentai,3,2246
ass,4,2156
college,,2079
ass,5,2029
interracial,3,1981
masturbation,,1981
lesbian,4,1977
fetish,3,1890
ass,3,1874
lesbian,5,1854
old,3,1765
asian,3,1679
mature,4,1644
hairy,,1546
deepthroat,3,1543
russian,3,1504
hentai,4,1387
cartoon,,1342
strapon,3,1215
masturbation,3,1205
handjob,,1189
fat,5,1160
deepthroat,5,1153
hentai,5,1079
ebony,,1015
lesbian,3,989
interracial,4,980
college,5,976
fat,4,970
granny,,937
party,,857
mature,3,854
ebony,4,840
deepthroat,4,835
bondage,,817
asian,4,808
interracial,5,795
russian,4,779
hairy,3,767
cartoon,5,624
handjob,5,611
fat,3,588
busty,,579
college,3,567
cumshot,,563
redhead,,559
mature,5,558
asian,5,557
college,4,536
petite,,534
cartoon,4,530
blonde,,526
granny,5,491
russian,5,487
masturbation,4,487
shower,,457
fetish,5,450
shower,5,445
hairy,5,445
petite,3,438
busty,4,427
spank,,427
party,3,424
bondage,4,409
handjob,4,408
bbw,,381
blonde,3,376
fetish,4,358
gangbang,,337
hairy,4,334
bbw,3,308
masturbation,5,289
first time,3,287
first time,,287
cumshot,3,281
granny,3,262
redhead,3,256
orgasm,,238
arab,,229
femdom,,227
party,5,223
bondage,3,218
anal,,212
party,4,210
spank,4,203
facial,,198
cumshot,4,196
bondage,5,190
cartoon,3,188
granny,4,184
chinese,3,183
chinese,,183
handjob,3,170
spank,5,159
redhead,4,154
redhead,5,149
amateur,,148
euro,3,146
anal,4,146
euro,,146
schoolgirl,,134
gangbang,3,131
arab,3,130
femdom,4,130
orgy,,125
latina,,120
japanese,,120
gangbang,4,117
busty,3,114
facial,4,114
blonde,5,111
gaping,,111
italian,,109
schoolgirl,4,105
gaping,4,103
orgasm,4,103
exhibitionist,,103
orgy,3,97
feet,,94
ebony,3,93
bukkake,,91
gangbang,5,89
exhibitionist,4,87
cumshot,5,86
petite,4,84
arab,4,84
femdom,3,83
ebony,5,82
orgasm,3,79
japanese,3,73
amateur,4,69
latina,5,68
bisexual,,68
indian,,68
spank,3,65
toy,,65
anal,3,64
amateur,5,64
facial,3,60
orgasm,5,56
italian,4,56
spanish,,56
french,,51
feet,4,50
italian,5,48
bbw,5,48
bukkake,4,48
milf,,48
indian,5,47
swingers,,47
japanese,4,46
swingers,5,45
doggystyle,,42
squirt,,40
blonde,4,39
busty,5,38
bisexual,4,38
spanish,3,36
milf,3,35
romantic,3,34
romantic,,34
latina,3,32
softcore,,32
bukkake,3,31
french,3,29
feet,3,28
toy,5,28
daddy,,28
panties,4,26
panties,,26
bisexual,3,25
toy,3,25
bbw,4,25
squirt,3,24
facial,5,24
german,,24
doggystyle,3,23
indian,3,21
german,3,20
latina,4,20
funny,4,20
funny,,20
softcore,5,18
schoolgirl,5,18
french,4,18
exhibitionist,3,16
feet,5,16
squirt,4,16
orgy,4,16
amateur,3,15
daddy,5,15
arab,5,15
softcore,3,14
femdom,5,14
milf,5,13
shower,3,12
orgy,5,12
bukkake,5,12
petite,5,12
toy,4,12
korean,3,11
schoolgirl,3,11
doggystyle,5,11
korean,,11
spanish,5,10
spanish,4,10
gaping,5,8
doggystyle,4,8
daddy,4,7
brazilian,,7
daddy,3,6
creampie,,6
italian,3,5
bisexual,5,5
brazilian,4,5
threesome,,5
brunette,,5
creampie,3,4
threesome,5,4
brunette,5,4
french,5,4
bdsm,4,4
reality,4,4
german,4,4
bdsm,,4
reality,,4
creampie,5,2
anal,5,2
brazilian,5,2
public,4,2
swingers,4,2
tattoo,4,2
public,,2
tattoo,,2
japanese,5,1
threesome,4,1
brunette,4,1
